{
  "rmse": 3.642150892088174,
  "mae": 2.838024457247984,
  "precision_at_k": {
    "matrix_cf": {
      "5": 0.20298239310097024,
      "10": 0.16776859504132233,
      "20": 0.13458198586657089
    }
  },
  "recall_at_k": {
    "matrix_cf": {
      "5": 0.07464912237701986,
      "10": 0.11561093296278342,
      "20": 0.1748664787086778
    }
  }
}