{
  "rmse": 0.4359861231672205,
  "mae": 0.30974233639976684,
  "precision_at_k": {
    "tfidf": {
      "5": 0.7319587628865979,
      "10": 0.7067010309278352,
      "20": 0.6823453608247423
    },
    "sbert": {
      "5": 0.7711340206185566,
      "10": 0.7332474226804123,
      "20": 0.6921391752577318
    }
  },
  "recall_at_k": {
    "tfidf": {
      "5": 0.00142965095521254,
      "10": 0.0026899877660009446,
      "20": 0.004990827252191299
    },
    "sbert": {
      "5": 0.0013405696878658468,
      "10": 0.0025191539725020144,
      "20": 0.004555234003108773
    }
  }
}